test,FixedEffectjlr,felm,FixedEffectModels,stata
1 fe,6.84700000000004,22.431,2.42,56.41
"1 fe, 1 cl",9.392,29.554,4.19,83.62
2 fe,9.49899999999997,20.2570000000001,4.76,123.09
"2 fe, 2 cl",18.2470000000001,142.786,13.27,347.08
